#
# Copyright 2006, The Android Open Source Project
#
# Licensed under the Apache License, Version 2.0 (the "License");
# you may not use this file except in compliance with the License.
# You may obtain a copy of the License at
#
#     http://www.apache.org/licenses/LICENSE-2.0
#
# Unless required by applicable law or agreed to in writing, software
# distributed under the License is distributed on an "AS IS" BASIS,
# WITHOUT WARRANTIES OR CONDITIONS OF ANY KIND, either express or implied.
# See the License for the specific language governing permissions and
# limitations under the License.

# Time zones by country.
#
# This is a proto file in text format.
#
# Some data in this file originates from IANA's zone.tab file but
# some of the ordering and meta-data is originated by the Android
# project.
#
# The file is used to generate the on-device file used when picking
# a time zone for an Android device.

# ianaVersion: The version of the IANA rules this file matches.
ianaVersion:"2018c"

# countries:
#
# The ordering of country elements is not important but is kept in ASCII
# order by ISO code for easier maintenance. There must only be one country
# element per unique code.

# Country:
#
# isoCode:
# The (lower cased) ISO 3166 2-character country code used in the IANA
# zones.tab file.
#
# defaultTimeZoneId:
# The (optional) defaultTimeZoneId is used to specify which of the time
# zones associated with the country should be used if only
# a country code is available. If it is not specified and the country
# has only one obvious choice then the defaultTimeZoneId can be omitted.
#
# timeZoneMappings:
# Time zones associated with the country and associated metadata.
#
# The ordering of TimeZoneMapping elements is important because it influence
# the order that time zones in a country are considered when the device
# has a known local time, offset from UTC and whether the local zone is
# currently observing DST.
#
# There will often be several time zones within a country that could match
# at any given instant, but the first zone that matches a user's country,
# offset and DST state is chosen. Therefore the IDs should be ordered so
# that the time zones with the highest likelihood of matching the user's
# needs are first.
#
# For example, a sensible ordering for TimeZoneMapping entries for a country
# would be by population of users that observe the offset/DST to maximize
# the probability of matching the truth for an arbitrary user in that country.
#
# Currently the TimeZoneMapping entries are mostly ordered by raw (non-DST)
# offset and then an ill-defined "desirability". This ordering is an historical
# artifact that is likely to change in future.

# TimeZoneMapping:
#
# id:
# The ID of the time zone.
#
# utcOffset:
# The expected non-DST offset for the time zone. Used as a form of
# redundancy check. Changes to this may influence the correct ordering
# indicate a change to time zones that may need further attention.
#
# shownInPicker:
# Whether the country -> time zone mapping should be shown in a
# user-facing time zone picker.
#
# priority:
# Used to pick an exemplar zone when two or more zones are equivalent
# (i.e. have the same transitions, offsets, DST, name according to ICU
# for a given time range). Zones that are identical but lower priority
# need not be considered as all local times are representable with
# with the higher priority zone for that period. The priority is in the
# range 1-10 (inclusive), the default is 1. Whether a priority needs to be
# assigned explicitly below depends on a country's transition rules data.
# When needed, priorities are chosen by looking at population data, usually
# for the city named in the ID. See comments below for details.

# ANDORRA
countries:<
  isoCode:"ad"
  timeZoneMappings:<
    utcOffset:"1:00"
    id:"Europe/Andorra"
  >
>

# UNITED ARAB EMIRATES
countries:<
  isoCode:"ae"
  timeZoneMappings:<
    utcOffset:"4:00"
    id:"Asia/Dubai"
  >
>

# AFGHANISTAN
countries:<
  isoCode:"af"
  timeZoneMappings:<
    utcOffset:"4:30"
    id:"Asia/Kabul"
  >
>

# ANTIGUA AND BARBUDA
countries:<
  isoCode:"ag"
  timeZoneMappings:<
    utcOffset:"-4:00"
    id:"America/Antigua"
  >
>

# ANGUILLA
countries:<
  isoCode:"ai"
  timeZoneMappings:<
    utcOffset:"-4:00"
    id:"America/Anguilla"
  >
>

# ALBANIA
countries:<
  isoCode:"al"
  timeZoneMappings:<
    utcOffset:"1:00"
    id:"Europe/Tirane"
  >
>

# ARMENIA
countries:<
  isoCode:"am"
  timeZoneMappings:<
    utcOffset:"4:00"
    id:"Asia/Yerevan"
  >
>

# ANGOLA
countries:<
  isoCode:"ao"
  timeZoneMappings:<
    utcOffset:"1:00"
    id:"Africa/Luanda"
  >
>

# ANTARCTICA
countries:<
  isoCode:"aq"
  defaultTimeZoneId:"Antarctica/McMurdo"
  timeZoneMappings:<
    utcOffset:"12:00"
    id:"Antarctica/McMurdo"
  >

  timeZoneMappings:<
    utcOffset:"10:00"
    id:"Antarctica/DumontDUrville"
  >

  timeZoneMappings:<
    utcOffset:"11:00"
    id:"Antarctica/Casey"
  >

  timeZoneMappings:<
    utcOffset:"7:00"
    id:"Antarctica/Davis"
  >

  timeZoneMappings:<
    utcOffset:"5:00"
    id:"Antarctica/Mawson"
  >

  timeZoneMappings:<
    utcOffset:"6:00"
    id:"Antarctica/Vostok"
  >

  timeZoneMappings:<
    utcOffset:"3:00"
    id:"Antarctica/Syowa"
  >

  timeZoneMappings:<
    utcOffset:"0:00"
    id:"Antarctica/Troll"
  >

  timeZoneMappings:<
    utcOffset:"-3:00"
    id:"Antarctica/Rothera"
  >
  timeZoneMappings:<
    utcOffset:"-3:00"
    id:"Antarctica/Palmer"
  >
>

# ARGENTINA
#
# Priorities assigned on 20180309 using:
# https://en.wikipedia.org/wiki/List_of_cities_in_Argentina_by_population
countries:<
  isoCode:"ar"
  defaultTimeZoneId:"America/Argentina/Buenos_Aires"
  timeZoneMappings:<
    utcOffset:"-3:00"
    id:"America/Argentina/Buenos_Aires"
    priority:10
  >
  timeZoneMappings:<
    utcOffset:"-3:00"
    id:"America/Argentina/Cordoba"
  >
  timeZoneMappings:<
    utcOffset:"-3:00"
    id:"America/Argentina/Salta"
    priority:9
  >
  timeZoneMappings:<
    utcOffset:"-3:00"
    id:"America/Argentina/Jujuy"
  >
  timeZoneMappings:<
    utcOffset:"-3:00"
    id:"America/Argentina/Tucuman"
  >
  timeZoneMappings:<
    utcOffset:"-3:00"
    id:"America/Argentina/Catamarca"
    priority:9
  >
  timeZoneMappings:<
    utcOffset:"-3:00"
    id:"America/Argentina/La_Rioja"
    priority:8
  >
  timeZoneMappings:<
    utcOffset:"-3:00"
    id:"America/Argentina/San_Juan"
  >
  timeZoneMappings:<
    utcOffset:"-3:00"
    id:"America/Argentina/Mendoza"
    priority:10
  >
  timeZoneMappings:<
    utcOffset:"-3:00"
    id:"America/Argentina/San_Luis"
  >
  timeZoneMappings:<
    utcOffset:"-3:00"
    id:"America/Argentina/Rio_Gallegos"
  >
  timeZoneMappings:<
    utcOffset:"-3:00"
    id:"America/Argentina/Ushuaia"
  >
>

# AMERICAN SAMOA
countries:<
  isoCode:"as"
  timeZoneMappings:<
    utcOffset:"-11:00"
    id:"Pacific/Pago_Pago"
  >
>

# AUSTRIA
countries:<
  isoCode:"at"
  timeZoneMappings:<
    utcOffset:"1:00"
    id:"Europe/Vienna"
  >
>

# AUSTRALIA
#
# Priorities assigned on 20180309 as needed using:
# https://en.wikipedia.org/wiki/List_of_cities_in_Australia_by_population
countries:<
  isoCode:"au"
  defaultTimeZoneId:"Australia/Sydney"
  timeZoneMappings:<
    utcOffset:"10:00"
    id:"Australia/Sydney"
    priority:10
  >
  timeZoneMappings:<
    utcOffset:"10:00"
    id:"Australia/Melbourne"
  >
  timeZoneMappings:<
    utcOffset:"10:00"
    id:"Australia/Brisbane"
  >
  timeZoneMappings:<
    utcOffset:"10:00"
    id:"Australia/Hobart"
    priority:9
  >
  timeZoneMappings:<
    utcOffset:"10:00"
    id:"Australia/Currie"
  >
  timeZoneMappings:<
    utcOffset:"10:00"
    id:"Australia/Lindeman"
  >

  timeZoneMappings:<
    utcOffset:"11:00"
    id:"Antarctica/Macquarie"
  >

  timeZoneMappings:<
    utcOffset:"10:30"
    id:"Australia/Lord_Howe"
  >

  timeZoneMappings:<
    utcOffset:"9:30"
    id:"Australia/Adelaide"
    priority:10
  >
  timeZoneMappings:<
    utcOffset:"9:30"
    id:"Australia/Broken_Hill"
  >
  timeZoneMappings:<
    utcOffset:"9:30"
    id:"Australia/Darwin"
  >

  timeZoneMappings:<
    utcOffset:"8:00"
    id:"Australia/Perth"
  >

  timeZoneMappings:<
    utcOffset:"8:45"
    id:"Australia/Eucla"
  >
>

# ARUBA
countries:<
  isoCode:"aw"
  timeZoneMappings:<
    utcOffset:"-4:00"
    id:"America/Aruba"
  >
>

# ALAND ISLANDS
countries:<
  isoCode:"ax"
  timeZoneMappings:<
    utcOffset:"2:00"
    id:"Europe/Mariehamn"
  >
>

# AZERBAIJAN
countries:<
  isoCode:"az"
  timeZoneMappings:<
    utcOffset:"4:00"
    id:"Asia/Baku"
  >
>

# BOSNIA AND HERZEGOVINA
countries:<
  isoCode:"ba"
  timeZoneMappings:<
    utcOffset:"1:00"
    id:"Europe/Sarajevo"
  >
>

# BARBADOS
countries:<
  isoCode:"bb"
  timeZoneMappings:<
    utcOffset:"-4:00"
    id:"America/Barbados"
  >
>

# BANGLADESH
countries:<
  isoCode:"bd"
  timeZoneMappings:<
    utcOffset:"6:00"
    id:"Asia/Dhaka"
  >
>

# BELGIUM
countries:<
  isoCode:"be"
  timeZoneMappings:<
    utcOffset:"1:00"
    id:"Europe/Brussels"
  >
>

# BURKINA FASO
countries:<
  isoCode:"bf"
  timeZoneMappings:<
    utcOffset:"0:00"
    id:"Africa/Ouagadougou"
  >
>

# BULGARIA
countries:<
  isoCode:"bg"
  timeZoneMappings:<
    utcOffset:"2:00"
    id:"Europe/Sofia"
  >
>

# BAHRAIN
countries:<
  isoCode:"bh"
  timeZoneMappings:<
    utcOffset:"3:00"
    id:"Asia/Bahrain"
  >
>

# BURUNDI
countries:<
  isoCode:"bi"
  timeZoneMappings:<
    utcOffset:"2:00"
    id:"Africa/Bujumbura"
  >
>

# BENIN
countries:<
  isoCode:"bj"
  timeZoneMappings:<
    utcOffset:"1:00"
    id:"Africa/Porto-Novo"
  >
>

# Saint Barthélemy
countries:<
  isoCode:"bl"
  timeZoneMappings:<
    utcOffset:"-4:00"
    id:"America/St_Barthelemy"
  >
>

# BERMUDA
countries:<
  isoCode:"bm"
  timeZoneMappings:<
    utcOffset:"-4:00"
    id:"Atlantic/Bermuda"
  >
>

# BRUNEI DARUSSALAM
countries:<
  isoCode:"bn"
  timeZoneMappings:<
    utcOffset:"8:00"
    id:"Asia/Brunei"
  >
>

# BOLIVIA
countries:<
  isoCode:"bo"
  timeZoneMappings:<
    utcOffset:"-4:00"
    id:"America/La_Paz"
  >
>

# Caribbean Netherlands
countries:<
  isoCode:"bq"
  timeZoneMappings:<
    utcOffset:"-4:00"
    id:"America/Kralendijk"
  >
>

# BRAZIL
#
# Priorities assigned on 20180309 as needed using:
# https://en.wikipedia.org/wiki/List_of_largest_cities_in_Brazil
countries:<
  isoCode:"br"
  defaultTimeZoneId:"America/Noronha"
  timeZoneMappings:<
    utcOffset:"-2:00"
    id:"America/Noronha"
  >

  timeZoneMappings:<
    utcOffset:"-3:00"
    id:"America/Sao_Paulo"
  >
  timeZoneMappings:<
    utcOffset:"-3:00"
    id:"America/Belem"
  >
  timeZoneMappings:<
    utcOffset:"-3:00"
    id:"America/Fortaleza"
    priority:10
  >
  timeZoneMappings:<
    utcOffset:"-3:00"
    id:"America/Recife"
  >
  timeZoneMappings:<
    utcOffset:"-3:00"
    id:"America/Araguaina"
  >
  timeZoneMappings:<
    utcOffset:"-3:00"
    id:"America/Maceio"
  >
  timeZoneMappings:<
    utcOffset:"-3:00"
    id:"America/Bahia"
  >
  timeZoneMappings:<
    utcOffset:"-3:00"
    id:"America/Santarem"
  >

  timeZoneMappings:<
    utcOffset:"-4:00"
    id:"America/Manaus"
  >
  timeZoneMappings:<
    utcOffset:"-4:00"
    id:"America/Campo_Grande"
    priority:10
  >
  timeZoneMappings:<
    utcOffset:"-4:00"
    id:"America/Cuiaba"
  >
  timeZoneMappings:<
    utcOffset:"-4:00"
    id:"America/Porto_Velho"
  >
  timeZoneMappings:<
    utcOffset:"-4:00"
    id:"America/Boa_Vista"
  >

  timeZoneMappings:<
    utcOffset:"-5:00"
    id:"America/Eirunepe"
  >
  timeZoneMappings:<
    utcOffset:"-5:00"
    id:"America/Rio_Branco"
    priority:10
  >
>

# BAHAMAS
countries:<
  isoCode:"bs"
  timeZoneMappings:<
    utcOffset:"-5:00"
    id:"America/Nassau"
  >
>

# BHUTAN
countries:<
  isoCode:"bt"
  timeZoneMappings:<
    utcOffset:"6:00"
    id:"Asia/Thimphu"
  >
>

# BOTSWANA
countries:<
  isoCode:"bw"
  timeZoneMappings:<
    utcOffset:"2:00"
    id:"Africa/Gaborone"
  >
>

# BELARUS
countries:<
  isoCode:"by"
  timeZoneMappings:<
    utcOffset:"3:00"
    id:"Europe/Minsk"
  >
>

# BELIZE
countries:<
  isoCode:"bz"
  timeZoneMappings:<
    utcOffset:"-6:00"
    id:"America/Belize"
  >
>

# CANADA
#
# Priorities assigned on 20180309 using:
# https://en.wikipedia.org/wiki/List_of_the_100_largest_population_centres_in_Canada
# https://en.wikipedia.org/wiki/Rankin_Inlet
# https://en.wikipedia.org/wiki/Rainy_River,_Ontario
# https://en.wikipedia.org/wiki/Iqaluit
# https://en.wikipedia.org/wiki/Pangnirtung
# https://en.wikipedia.org/wiki/Creston,_British_Columbia
# https://en.wikipedia.org/wiki/Swift_Current
countries:<
  isoCode:"ca"
  defaultTimeZoneId:"America/St_Johns"
  timeZoneMappings:<
    utcOffset:"-3:30"
    id:"America/St_Johns"
  >

  timeZoneMappings:<
    utcOffset:"-4:00"
    id:"America/Halifax"
    priority:10
  >
  timeZoneMappings:<
    utcOffset:"-4:00"
    id:"America/Glace_Bay"
  >
  timeZoneMappings:<
    utcOffset:"-4:00"
    id:"America/Moncton"
  >
  timeZoneMappings:<
    utcOffset:"-4:00"
    id:"America/Goose_Bay"
  >
  timeZoneMappings:<
    utcOffset:"-4:00"
    id:"America/Blanc-Sablon"
  >

  timeZoneMappings:<
    utcOffset:"-5:00"
    id:"America/Toronto"
    priority:10
  >
  timeZoneMappings:<
    utcOffset:"-5:00"
    id:"America/Nipigon"
  >
  timeZoneMappings:<
    utcOffset:"-5:00"
    id:"America/Thunder_Bay"
  >
  timeZoneMappings:<
    utcOffset:"-5:00"
    id:"America/Iqaluit"
    priority:9
  >
  timeZoneMappings:<
    utcOffset:"-5:00"
    id:"America/Pangnirtung"
  >
  timeZoneMappings:<
    utcOffset:"-5:00"
    id:"America/Atikokan"
  >

  timeZoneMappings:<
    utcOffset:"-6:00"
    id:"America/Winnipeg"
    priority:10
  >
  timeZoneMappings:<
    utcOffset:"-6:00"
    id:"America/Regina"
  >
  timeZoneMappings:<
    utcOffset:"-6:00"
    id:"America/Rankin_Inlet"
    priority:9
  >
  timeZoneMappings:<
    utcOffset:"-6:00"
    id:"America/Rainy_River"
  >
  timeZoneMappings:<
    utcOffset:"-6:00"
    id:"America/Swift_Current"
    priority:10
  >
  timeZoneMappings:<
    utcOffset:"-6:00"
    id:"America/Resolute"
  >

  timeZoneMappings:<
    utcOffset:"-7:00"
    id:"America/Edmonton"
    priority:10
  >
  timeZoneMappings:<
    utcOffset:"-7:00"
    id:"America/Cambridge_Bay"
  >
  timeZoneMappings:<
    utcOffset:"-7:00"
    id:"America/Yellowknife"
  >
  timeZoneMappings:<
    utcOffset:"-7:00"
    id:"America/Inuvik"
  >
  timeZoneMappings:<
    utcOffset:"-7:00"
    id:"America/Dawson_Creek"
  >
  timeZoneMappings:<
    utcOffset:"-7:00"
    id:"America/Creston"
  >
  timeZoneMappings:<
    utcOffset:"-7:00"
    id:"America/Fort_Nelson"
  >

  timeZoneMappings:<
    utcOffset:"-8:00"
    id:"America/Vancouver"
    priority:10
  >
  timeZoneMappings:<
    utcOffset:"-8:00"
    id:"America/Whitehorse"
  >
  timeZoneMappings:<
    utcOffset:"-8:00"
    id:"America/Dawson"
  >
>

# COCOS (KEELING) ISLANDS
countries:<
  isoCode:"cc"
  timeZoneMappings:<
    utcOffset:"6:30"
    id:"Indian/Cocos"
  >
>

# CONGO, THE DEMOCRATIC REPUBLIC OF THE
countries:<
  isoCode:"cd"
  defaultTimeZoneId:"Africa/Kinshasa"
  timeZoneMappings:<
    utcOffset:"2:00"
    id:"Africa/Lubumbashi"
  >

  timeZoneMappings:<
    utcOffset:"1:00"
    id:"Africa/Kinshasa"
  >
>

# CENTRAL AFRICAN REPUBLIC
countries:<
  isoCode:"cf"
  timeZoneMappings:<
    utcOffset:"1:00"
    id:"Africa/Bangui"
  >
>

# CONGO
countries:<
  isoCode:"cg"
  timeZoneMappings:<
    utcOffset:"1:00"
    id:"Africa/Brazzaville"
  >
>

# SWITZERLAND
countries:<
  isoCode:"ch"
  timeZoneMappings:<
    utcOffset:"1:00"
    id:"Europe/Zurich"
  >
>

# COTE D'IVOIRE
countries:<
  isoCode:"ci"
  timeZoneMappings:<
    utcOffset:"0:00"
    id:"Africa/Abidjan"
  >
>

# COOK ISLANDS
countries:<
  isoCode:"ck"
  timeZoneMappings:<
    utcOffset:"-10:00"
    id:"Pacific/Rarotonga"
  >
>

# CHILE
countries:<
  isoCode:"cl"
  defaultTimeZoneId:"America/Santiago"
  timeZoneMappings:<
    utcOffset:"-3:00"
    id:"America/Punta_Arenas"
  >

  timeZoneMappings:<
    utcOffset:"-4:00"
    id:"America/Santiago"
  >

  timeZoneMappings:<
    utcOffset:"-6:00"
    id:"Pacific/Easter"
  >
>

# CAMEROON
countries:<
  isoCode:"cm"
  timeZoneMappings:<
    utcOffset:"1:00"
    id:"Africa/Douala"
  >
>

# CHINA
countries:<
  isoCode:"cn"
  defaultTimeZoneId:"Asia/Shanghai"
  timeZoneMappings:<
    utcOffset:"8:00"
    id:"Asia/Shanghai"
  >

  timeZoneMappings:<
    utcOffset:"6:00"
    id:"Asia/Urumqi"
  >
>

# COLOMBIA
countries:<
  isoCode:"co"
  timeZoneMappings:<
    utcOffset:"-5:00"
    id:"America/Bogota"
  >
>

# COSTA RICA
countries:<
  isoCode:"cr"
  timeZoneMappings:<
    utcOffset:"-6:00"
    id:"America/Costa_Rica"
  >
>

# CUBA
countries:<
  isoCode:"cu"
  timeZoneMappings:<
    utcOffset:"-5:00"
    id:"America/Havana"
  >
>

# CAPE VERDE
countries:<
  isoCode:"cv"
  timeZoneMappings:<
    utcOffset:"-1:00"
    id:"Atlantic/Cape_Verde"
  >
>

# Curaçao
countries:<
  isoCode:"cw"
  timeZoneMappings:<
    utcOffset:"-4:00"
    id:"America/Curacao"
  >
>

# CHRISTMAS ISLAND
countries:<
  isoCode:"cx"
  timeZoneMappings:<
    utcOffset:"7:00"
    id:"Indian/Christmas"
  >
>

# CYPRUS
countries:<
  isoCode:"cy"
  defaultTimeZoneId:"Asia/Nicosia"
  timeZoneMappings:<
    utcOffset:"2:00"
    id:"Asia/Nicosia"
  >
  timeZoneMappings:<
    utcOffset:"2:00"
    id:"Asia/Famagusta"
  >
>

# CZECH REPUBLIC
countries:<
  isoCode:"cz"
  timeZoneMappings:<
    utcOffset:"1:00"
    id:"Europe/Prague"
  >
>

# GERMANY
#
# Priorities assigned on 20180309 using:
# https://en.wikipedia.org/wiki/List_of_cities_in_Germany_by_population
countries:<
  isoCode:"de"
  defaultTimeZoneId:"Europe/Berlin"
  timeZoneMappings:<
    utcOffset:"1:00"
    id:"Europe/Berlin"
    priority:10
  >
  timeZoneMappings:<
    utcOffset:"1:00"
    id:"Europe/Busingen"
  >
>

# DJIBOUTI
countries:<
  isoCode:"dj"
  timeZoneMappings:<
    utcOffset:"3:00"
    id:"Africa/Djibouti"
  >
>

# DENMARK
countries:<
  isoCode:"dk"
  timeZoneMappings:<
    utcOffset:"1:00"
    id:"Europe/Copenhagen"
  >
>

# DOMINICA
countries:<
  isoCode:"dm"
  timeZoneMappings:<
    utcOffset:"-4:00"
    id:"America/Dominica"
  >
>

# DOMINICAN REPUBLIC
countries:<
  isoCode:"do"
  timeZoneMappings:<
    utcOffset:"-4:00"
    id:"America/Santo_Domingo"
  >
>

# ALGERIA
countries:<
  isoCode:"dz"
  timeZoneMappings:<
    utcOffset:"1:00"
    id:"Africa/Algiers"
  >
>

# ECUADOR
countries:<
  isoCode:"ec"
  defaultTimeZoneId:"America/Guayaquil"
  timeZoneMappings:<
    utcOffset:"-5:00"
    id:"America/Guayaquil"
  >

  timeZoneMappings:<
    utcOffset:"-6:00"
    id:"Pacific/Galapagos"
  >
>

# ESTONIA
countries:<
  isoCode:"ee"
  timeZoneMappings:<
    utcOffset:"2:00"
    id:"Europe/Tallinn"
  >
>

# EGYPT
countries:<
  isoCode:"eg"
  timeZoneMappings:<
    utcOffset:"2:00"
    id:"Africa/Cairo"
  >
>

# WESTERN SAHARA
countries:<
  isoCode:"eh"
  timeZoneMappings:<
    utcOffset:"0:00"
    id:"Africa/El_Aaiun"
  >
>

# ERITREA
countries:<
  isoCode:"er"
  timeZoneMappings:<
    utcOffset:"3:00"
    id:"Africa/Asmara"
  >
>

# SPAIN
#
# Priorities assigned on 20180309 using:
# https://en.wikipedia.org/wiki/List_of_metropolitan_areas_in_Spain
countries:<
  isoCode:"es"
  defaultTimeZoneId:"Europe/Madrid"
  timeZoneMappings:<
    utcOffset:"1:00"
    id:"Europe/Madrid"
    priority:10
  >
  timeZoneMappings:<
    utcOffset:"1:00"
    id:"Africa/Ceuta"
  >

  timeZoneMappings:<
    utcOffset:"0:00"
    id:"Atlantic/Canary"
  >
>

# ETHIOPIA
countries:<
  isoCode:"et"
  timeZoneMappings:<
    utcOffset:"3:00"
    id:"Africa/Addis_Ababa"
  >
>

# FINLAND
countries:<
  isoCode:"fi"
  timeZoneMappings:<
    utcOffset:"2:00"
    id:"Europe/Helsinki"
  >
>

# FIJI
countries:<
  isoCode:"fj"
  timeZoneMappings:<
    utcOffset:"12:00"
    id:"Pacific/Fiji"
  >
>

# FALKLAND ISLANDS (MALVINAS)
countries:<
  isoCode:"fk"
  timeZoneMappings:<
    utcOffset:"-3:00"
    id:"Atlantic/Stanley"
  >
>

# MICRONESIA, FEDERATED STATES OF
countries:<
  isoCode:"fm"
  defaultTimeZoneId:"Pacific/Pohnpei"
  timeZoneMappings:<
    utcOffset:"11:00"
    id:"Pacific/Pohnpei"
  >
  timeZoneMappings:<
    utcOffset:"11:00"
    id:"Pacific/Kosrae"
  >

  timeZoneMappings:<
    utcOffset:"10:00"
    id:"Pacific/Chuuk"
  >
>

# FAROE ISLANDS
countries:<
  isoCode:"fo"
  timeZoneMappings:<
    utcOffset:"0:00"
    id:"Atlantic/Faroe"
  >
>

# FRANCE
countries:<
  isoCode:"fr"
  timeZoneMappings:<
    utcOffset:"1:00"
    id:"Europe/Paris"
  >
>

# GABON
countries:<
  isoCode:"ga"
  timeZoneMappings:<
    utcOffset:"1:00"
    id:"Africa/Libreville"
  >
>

# UNITED KINGDOM
countries:<
  isoCode:"gb"
  timeZoneMappings:<
    utcOffset:"0:00"
    id:"Europe/London"
  >
>

# GRENADA
countries:<
  isoCode:"gd"
  timeZoneMappings:<
    utcOffset:"-4:00"
    id:"America/Grenada"
  >
>

# GEORGIA
countries:<
  isoCode:"ge"
  timeZoneMappings:<
    utcOffset:"4:00"
    id:"Asia/Tbilisi"
  >
>

# FRENCH GUIANA
countries:<
  isoCode:"gf"
  timeZoneMappings:<
    utcOffset:"-3:00"
    id:"America/Cayenne"
  >
>

# GUERNSEY
countries:<
  isoCode:"gg"
  timeZoneMappings:<
    utcOffset:"0:00"
    id:"Europe/Guernsey"
  >
>

# GHANA
countries:<
  isoCode:"gh"
  timeZoneMappings:<
    utcOffset:"0:00"
    id:"Africa/Accra"
  >
>

# GIBRALTAR
countries:<
  isoCode:"gi"
  timeZoneMappings:<
    utcOffset:"1:00"
    id:"Europe/Gibraltar"
  >
>

# GREENLAND
countries:<
  isoCode:"gl"
  defaultTimeZoneId:"America/Godthab"
  timeZoneMappings:<
    utcOffset:"0:00"
    id:"America/Danmarkshavn"
  >

  timeZoneMappings:<
    utcOffset:"-1:00"
    id:"America/Scoresbysund"
  >

  timeZoneMappings:<
    utcOffset:"-3:00"
    id:"America/Godthab"
  >

  timeZoneMappings:<
    utcOffset:"-4:00"
    id:"America/Thule"
  >
>

# GAMBIA
countries:<
  isoCode:"gm"
  timeZoneMappings:<
    utcOffset:"0:00"
    id:"Africa/Banjul"
  >
>

# GUINEA
countries:<
  isoCode:"gn"
  timeZoneMappings:<
    utcOffset:"0:00"
    id:"Africa/Conakry"
  >
>

# GUADELOUPE
countries:<
  isoCode:"gp"
  timeZoneMappings:<
    utcOffset:"-4:00"
    id:"America/Guadeloupe"
  >
>

# EQUATORIAL GUINEA
countries:<
  isoCode:"gq"
  timeZoneMappings:<
    utcOffset:"1:00"
    id:"Africa/Malabo"
  >
>

# GREECE
countries:<
  isoCode:"gr"
  timeZoneMappings:<
    utcOffset:"2:00"
    id:"Europe/Athens"
  >
>

# SOUTH GEORGIA AND THE SOUTH SANDWICH ISLANDS
countries:<
  isoCode:"gs"
  timeZoneMappings:<
    utcOffset:"-2:00"
    id:"Atlantic/South_Georgia"
  >
>

# GUATEMALA
countries:<
  isoCode:"gt"
  timeZoneMappings:<
    utcOffset:"-6:00"
    id:"America/Guatemala"
  >
>

# GUAM
countries:<
  isoCode:"gu"
  timeZoneMappings:<
    utcOffset:"10:00"
    id:"Pacific/Guam"
  >
>

# GUINEA-BISSAU
countries:<
  isoCode:"gw"
  timeZoneMappings:<
    utcOffset:"0:00"
    id:"Africa/Bissau"
  >
>

# GUYANA
countries:<
  isoCode:"gy"
  timeZoneMappings:<
    utcOffset:"-4:00"
    id:"America/Guyana"
  >
>

# HONG KONG
countries:<
  isoCode:"hk"
  timeZoneMappings:<
    utcOffset:"8:00"
    id:"Asia/Hong_Kong"
  >
>

# HONDURAS
countries:<
  isoCode:"hn"
  timeZoneMappings:<
    utcOffset:"-6:00"
    id:"America/Tegucigalpa"
  >
>

# CROATIA
countries:<
  isoCode:"hr"
  timeZoneMappings:<
    utcOffset:"1:00"
    id:"Europe/Zagreb"
  >
>

# HAITI
countries:<
  isoCode:"ht"
  timeZoneMappings:<
    utcOffset:"-5:00"
    id:"America/Port-au-Prince"
  >
>

# HUNGARY
countries:<
  isoCode:"hu"
  timeZoneMappings:<
    utcOffset:"1:00"
    id:"Europe/Budapest"
  >
>

# INDONESIA
#
# Priorities assigned on 20180309 using:
# https://en.wikipedia.org/wiki/List_of_Indonesian_cities_by_population
countries:<
  isoCode:"id"
  defaultTimeZoneId:"Asia/Jakarta"
  timeZoneMappings:<
    utcOffset:"9:00"
    id:"Asia/Jayapura"
  >

  timeZoneMappings:<
    utcOffset:"8:00"
    id:"Asia/Makassar"
    priority:10
  >

  timeZoneMappings:<
    utcOffset:"7:00"
    id:"Asia/Jakarta"
  >
  timeZoneMappings:<
    utcOffset:"7:00"
    id:"Asia/Pontianak"
  >
>

# IRELAND
countries:<
  isoCode:"ie"
  timeZoneMappings:<
    utcOffset:"0:00"
    id:"Europe/Dublin"
  >
>

# ISRAEL
countries:<
  isoCode:"il"
  timeZoneMappings:<
    utcOffset:"2:00"
    id:"Asia/Jerusalem"
  >
>

# ISLE OF MAN
countries:<
  isoCode:"im"
  timeZoneMappings:<
    utcOffset:"0:00"
    id:"Europe/Isle_of_Man"
  >
>

# INDIA
countries:<
  isoCode:"in"
  timeZoneMappings:<
    utcOffset:"5:30"
    id:"Asia/Kolkata"
  >
>

# BRITISH INDIAN OCEAN TERRITORY
countries:<
  isoCode:"io"
  timeZoneMappings:<
    utcOffset:"6:00"
    id:"Indian/Chagos"
  >
>

# IRAQ
countries:<
  isoCode:"iq"
  timeZoneMappings:<
    utcOffset:"3:00"
    id:"Asia/Baghdad"
  >
>

# IRAN, ISLAMIC REPUBLIC OF
countries:<
  isoCode:"ir"
  timeZoneMappings:<
    utcOffset:"3:30"
    id:"Asia/Tehran"
  >
>

# ICELAND
countries:<
  isoCode:"is"
  timeZoneMappings:<
    utcOffset:"0:00"
    id:"Atlantic/Reykjavik"
  >
>

# ITALY
countries:<
  isoCode:"it"
  timeZoneMappings:<
    utcOffset:"1:00"
    id:"Europe/Rome"
  >
>

# JERSEY
countries:<
  isoCode:"je"
  timeZoneMappings:<
    utcOffset:"0:00"
    id:"Europe/Jersey"
  >
>

# JAMAICA
countries:<
  isoCode:"jm"
  timeZoneMappings:<
    utcOffset:"-5:00"
    id:"America/Jamaica"
  >
>

# JORDAN
countries:<
  isoCode:"jo"
  timeZoneMappings:<
    utcOffset:"2:00"
    id:"Asia/Amman"
  >
>

# JAPAN
countries:<
  isoCode:"jp"
  timeZoneMappings:<
    utcOffset:"9:00"
    id:"Asia/Tokyo"
  >
>

# KENYA
countries:<
  isoCode:"ke"
  timeZoneMappings:<
    utcOffset:"3:00"
    id:"Africa/Nairobi"
  >
>

# KYRGYZSTAN
countries:<
  isoCode:"kg"
  timeZoneMappings:<
    utcOffset:"6:00"
    id:"Asia/Bishkek"
  >
>

# CAMBODIA
countries:<
  isoCode:"kh"
  timeZoneMappings:<
    utcOffset:"7:00"
    id:"Asia/Phnom_Penh"
  >
>

# KIRIBATI
countries:<
  isoCode:"ki"
  defaultTimeZoneId:"Pacific/Tarawa"
  timeZoneMappings:<
    utcOffset:"14:00"
    id:"Pacific/Kiritimati"
  >

  timeZoneMappings:<
    utcOffset:"13:00"
    id:"Pacific/Enderbury"
  >

  timeZoneMappings:<
    utcOffset:"12:00"
    id:"Pacific/Tarawa"
  >
>

# COMOROS
countries:<
  isoCode:"km"
  timeZoneMappings:<
    utcOffset:"3:00"
    id:"Indian/Comoro"
  >
>

# SAINT KITTS AND NEVIS
countries:<
  isoCode:"kn"
  timeZoneMappings:<
    utcOffset:"-4:00"
    id:"America/St_Kitts"
  >
>

# KOREA, DEMOCRATIC PEOPLE'S REPUBLIC OF
countries:<
  isoCode:"kp"
  timeZoneMappings:<
    utcOffset:"8:30"
    id:"Asia/Pyongyang"
  >
>

# KOREA, REPUBLIC OF
countries:<
  isoCode:"kr"
  timeZoneMappings:<
    utcOffset:"9:00"
    id:"Asia/Seoul"
  >
>

# KUWAIT
countries:<
  isoCode:"kw"
  timeZoneMappings:<
    utcOffset:"3:00"
    id:"Asia/Kuwait"
  >
>

# CAYMAN ISLANDS
countries:<
  isoCode:"ky"
  timeZoneMappings:<
    utcOffset:"-5:00"
    id:"America/Cayman"
  >
>

# KAZAKHSTAN
#
# Priorities assigned on 20180309 using:
# https://en.wikipedia.org/wiki/List_of_cities_in_Kazakhstan
countries:<
  isoCode:"kz"
  defaultTimeZoneId:"Asia/Almaty"
  timeZoneMappings:<
    utcOffset:"6:00"
    id:"Asia/Almaty"
  >
  timeZoneMappings:<
    utcOffset:"6:00"
    id:"Asia/Qyzylorda"
  >

  timeZoneMappings:<
    utcOffset:"5:00"
    id:"Asia/Aqtau"
  >
  timeZoneMappings:<
    utcOffset:"5:00"
    id:"Asia/Oral"
    priority:10
  >
  timeZoneMappings:<
    utcOffset:"5:00"
    id:"Asia/Aqtobe"
  >
  timeZoneMappings:<
    utcOffset:"5:00"
    id:"Asia/Atyrau"
  >
>

# LAO PEOPLE'S DEMOCRATIC REPUBLIC
countries:<
  isoCode:"la"
  timeZoneMappings:<
    utcOffset:"7:00"
    id:"Asia/Vientiane"
  >
>

# LEBANON
countries:<
  isoCode:"lb"
  timeZoneMappings:<
    utcOffset:"2:00"
    id:"Asia/Beirut"
  >
>

# SAINT LUCIA
countries:<
  isoCode:"lc"
  timeZoneMappings:<
    utcOffset:"-4:00"
    id:"America/St_Lucia"
  >
>

# LIECHTENSTEIN
countries:<
  isoCode:"li"
  timeZoneMappings:<
    utcOffset:"1:00"
    id:"Europe/Vaduz"
  >
>

# SRI LANKA
countries:<
  isoCode:"lk"
  timeZoneMappings:<
    utcOffset:"5:30"
    id:"Asia/Colombo"
  >
>

# LIBERIA
countries:<
  isoCode:"lr"
  timeZoneMappings:<
    utcOffset:"0:00"
    id:"Africa/Monrovia"
  >
>

# LESOTHO
countries:<
  isoCode:"ls"
  timeZoneMappings:<
    utcOffset:"2:00"
    id:"Africa/Maseru"
  >
>

# LITHUANIA
countries:<
  isoCode:"lt"
  timeZoneMappings:<
    utcOffset:"2:00"
    id:"Europe/Vilnius"
  >
>

# LUXEMBOURG
countries:<
  isoCode:"lu"
  timeZoneMappings:<
    utcOffset:"1:00"
    id:"Europe/Luxembourg"
  >
>

# LATVIA
countries:<
  isoCode:"lv"
  timeZoneMappings:<
    utcOffset:"2:00"
    id:"Europe/Riga"
  >
>

# LIBYAN ARAB JAMAHIRIYA
countries:<
  isoCode:"ly"
  timeZoneMappings:<
    utcOffset:"2:00"
    id:"Africa/Tripoli"
  >
>

# MOROCCO
countries:<
  isoCode:"ma"
  timeZoneMappings:<
    utcOffset:"0:00"
    id:"Africa/Casablanca"
  >
>

# MONACO
countries:<
  isoCode:"mc"
  timeZoneMappings:<
    utcOffset:"1:00"
    id:"Europe/Monaco"
  >
>

# MOLDOVA
countries:<
  isoCode:"md"
  timeZoneMappings:<
    utcOffset:"2:00"
    id:"Europe/Chisinau"
  >
>

# MONTENEGRO
countries:<
  isoCode:"me"
  timeZoneMappings:<
    utcOffset:"1:00"
    id:"Europe/Podgorica"
  >
>

# Collectivity of Saint Martin
countries:<
  isoCode:"mf"
  timeZoneMappings:<
    utcOffset:"-4:00"
    id:"America/Marigot"
  >
>

# MADAGASCAR
countries:<
  isoCode:"mg"
  timeZoneMappings:<
    utcOffset:"3:00"
    id:"Indian/Antananarivo"
  >
>

# MARSHALL ISLANDS
countries:<
  isoCode:"mh"
  defaultTimeZoneId:"Pacific/Majuro"
  timeZoneMappings:<
    utcOffset:"12:00"
    id:"Pacific/Majuro"
  >
  timeZoneMappings:<
    utcOffset:"12:00"
    id:"Pacific/Kwajalein"
  >
>

# MACEDONIA, THE FORMER YUGOSLAV REPUBLIC OF
countries:<
  isoCode:"mk"
  timeZoneMappings:<
    utcOffset:"1:00"
    id:"Europe/Skopje"
  >
>

# MALI
countries:<
  isoCode:"ml"
  timeZoneMappings:<
    utcOffset:"0:00"
    id:"Africa/Bamako"
  >
>

# MYANMAR
countries:<
  isoCode:"mm"
  timeZoneMappings:<
    utcOffset:"6:30"
    id:"Asia/Yangon"
  >
>

# MONGOLIA
countries:<
  isoCode:"mn"
  defaultTimeZoneId:"Asia/Ulaanbaatar"
  timeZoneMappings:<
    utcOffset:"8:00"
    id:"Asia/Choibalsan"
  >
  timeZoneMappings:<
    utcOffset:"8:00"
    id:"Asia/Ulaanbaatar"
  >

  timeZoneMappings:<
    utcOffset:"7:00"
    id:"Asia/Hovd"
  >
>

# MACAO
countries:<
  isoCode:"mo"
  timeZoneMappings:<
    utcOffset:"8:00"
    id:"Asia/Macau"
  >
>

# NORTHERN MARIANA ISLANDS
countries:<
  isoCode:"mp"
  timeZoneMappings:<
    utcOffset:"10:00"
    id:"Pacific/Saipan"
  >
>

# MARTINIQUE
countries:<
  isoCode:"mq"
  timeZoneMappings:<
    utcOffset:"-4:00"
    id:"America/Martinique"
  >
>

# MAURITANIA
countries:<
  isoCode:"mr"
  timeZoneMappings:<
    utcOffset:"0:00"
    id:"Africa/Nouakchott"
  >
>

# MONTSERRAT
countries:<
  isoCode:"ms"
  timeZoneMappings:<
    utcOffset:"-4:00"
    id:"America/Montserrat"
  >
>

# MALTA
countries:<
  isoCode:"mt"
  timeZoneMappings:<
    utcOffset:"1:00"
    id:"Europe/Malta"
  >
>

# MAURITIUS
countries:<
  isoCode:"mu"
  timeZoneMappings:<
    utcOffset:"4:00"
    id:"Indian/Mauritius"
  >
>

# MALDIVES
countries:<
  isoCode:"mv"
  timeZoneMappings:<
    utcOffset:"5:00"
    id:"Indian/Maldives"
  >
>

# MALAWI
countries:<
  isoCode:"mw"
  timeZoneMappings:<
    utcOffset:"2:00"
    id:"Africa/Blantyre"
  >
>

# MEXICO
#
# Priorities assigned on 20180309 using:
# https://en.wikipedia.org/wiki/List_of_cities_in_Mexico
countries:<
  isoCode:"mx"
  defaultTimeZoneId:"America/Mexico_City"
  timeZoneMappings:<
    utcOffset:"-6:00"
    id:"America/Mexico_City"
    priority:10
  >
  timeZoneMappings:<
    utcOffset:"-6:00"
    id:"America/Merida"
  >
  timeZoneMappings:<
    utcOffset:"-6:00"
    id:"America/Monterrey"
    priority:9
  >
  timeZoneMappings:<
    utcOffset:"-6:00"
    id:"America/Matamoros"
  >
  timeZoneMappings:<
    utcOffset:"-6:00"
    id:"America/Bahia_Banderas"
  >

  timeZoneMappings:<
    utcOffset:"-5:00"
    id:"America/Cancun"
  >

  timeZoneMappings:<
    utcOffset:"-7:00"
    id:"America/Chihuahua"
    priority:10
  >
  timeZoneMappings:<
    utcOffset:"-7:00"
    id:"America/Hermosillo"
  >
  timeZoneMappings:<
    utcOffset:"-7:00"
    id:"America/Mazatlan"
  >
  timeZoneMappings:<
    utcOffset:"-7:00"
    id:"America/Ojinaga"
  >

  timeZoneMappings:<
    utcOffset:"-8:00"
    id:"America/Tijuana"
  >
>

# MALAYSIA
countries:<
  isoCode:"my"
  defaultTimeZoneId:"Asia/Kuala_Lumpur"
  timeZoneMappings:<
    utcOffset:"8:00"
    id:"Asia/Kuala_Lumpur"
  >
  timeZoneMappings:<
    utcOffset:"8:00"
    id:"Asia/Kuching"
  >
>

# MOZAMBIQUE
countries:<
  isoCode:"mz"
  timeZoneMappings:<
    utcOffset:"2:00"
    id:"Africa/Maputo"
  >
>

# NAMIBIA
countries:<
  isoCode:"na"
  timeZoneMappings:<
    utcOffset:"2:00"
    id:"Africa/Windhoek"
  >
>

# NEW CALEDONIA
countries:<
  isoCode:"nc"
  timeZoneMappings:<
    utcOffset:"11:00"
    id:"Pacific/Noumea"
  >
>

# NIGER
countries:<
  isoCode:"ne"
  timeZoneMappings:<
    utcOffset:"1:00"
    id:"Africa/Niamey"
  >
>

# NORFOLK ISLAND
countries:<
  isoCode:"nf"
  timeZoneMappings:<
    utcOffset:"11:00"
    id:"Pacific/Norfolk"
  >
>

# NIGERIA
countries:<
  isoCode:"ng"
  timeZoneMappings:<
    utcOffset:"1:00"
    id:"Africa/Lagos"
  >
>

# NICARAGUA
countries:<
  isoCode:"ni"
  timeZoneMappings:<
    utcOffset:"-6:00"
    id:"America/Managua"
  >
>

# NETHERLANDS
countries:<
  isoCode:"nl"
  timeZoneMappings:<
    utcOffset:"1:00"
    id:"Europe/Amsterdam"
  >
>

# NORWAY
countries:<
  isoCode:"no"
  timeZoneMappings:<
    utcOffset:"1:00"
    id:"Europe/Oslo"
  >
>

# NEPAL
countries:<
  isoCode:"np"
  timeZoneMappings:<
    utcOffset:"5:45"
    id:"Asia/Kathmandu"
  >
>

# NAURU
countries:<
  isoCode:"nr"
  timeZoneMappings:<
    utcOffset:"12:00"
    id:"Pacific/Nauru"
  >
>

# NIUE
countries:<
  isoCode:"nu"
  timeZoneMappings:<
    utcOffset:"-11:00"
    id:"Pacific/Niue"
  >
>

# NEW ZEALAND
countries:<
  isoCode:"nz"
  defaultTimeZoneId:"Pacific/Auckland"
  timeZoneMappings:<
    utcOffset:"12:00"
    id:"Pacific/Auckland"
  >

  timeZoneMappings:<
    utcOffset:"12:45"
    id:"Pacific/Chatham"
  >
>

# OMAN
countries:<
  isoCode:"om"
  timeZoneMappings:<
    utcOffset:"4:00"
    id:"Asia/Muscat"
  >
>

# PANAMA
countries:<
  isoCode:"pa"
  timeZoneMappings:<
    utcOffset:"-5:00"
    id:"America/Panama"
  >
>

# PERU
countries:<
  isoCode:"pe"
  timeZoneMappings:<
    utcOffset:"-5:00"
    id:"America/Lima"
  >
>

# FRENCH POLYNESIA
countries:<
  isoCode:"pf"
  defaultTimeZoneId:"Pacific/Tahiti"
  timeZoneMappings:<
    utcOffset:"-9:00"
    id:"Pacific/Gambier"
  >

  timeZoneMappings:<
    utcOffset:"-9:30"
    id:"Pacific/Marquesas"
  >

  timeZoneMappings:<
    utcOffset:"-10:00"
    id:"Pacific/Tahiti"
  >
>

# PAPUA NEW GUINEA
#
# Priorities assigned on 20180309 using:
# https://en.wikipedia.org/wiki/List_of_cities_and_towns_in_Papua_New_Guinea_by_population
countries:<
  isoCode:"pg"
  defaultTimeZoneId:"Pacific/Port_Moresby"
  timeZoneMappings:<
    utcOffset:"10:00"
    id:"Pacific/Port_Moresby"
    priority:10
  >

  timeZoneMappings:<
    utcOffset:"11:00"
    id:"Pacific/Bougainville"
  >
>

# PHILIPPINES
countries:<
  isoCode:"ph"
  timeZoneMappings:<
    utcOffset:"8:00"
    id:"Asia/Manila"
  >
>

# PAKISTAN
countries:<
  isoCode:"pk"
  timeZoneMappings:<
    utcOffset:"5:00"
    id:"Asia/Karachi"
  >
>

# POLAND
countries:<
  isoCode:"pl"
  timeZoneMappings:<
    utcOffset:"1:00"
    id:"Europe/Warsaw"
  >
>

# SAINT PIERRE AND MIQUELON
countries:<
  isoCode:"pm"
  timeZoneMappings:<
    utcOffset:"-3:00"
    id:"America/Miquelon"
  >
>

# PITCAIRN
countries:<
  isoCode:"pn"
  timeZoneMappings:<
    utcOffset:"-8:00"
    id:"Pacific/Pitcairn"
  >
>

# PUERTO RICO
countries:<
  isoCode:"pr"
  timeZoneMappings:<
    utcOffset:"-4:00"
    id:"America/Puerto_Rico"
  >
>

# PALESTINE
#
# Priorities assigned on 20180309 using:
# https://en.wikipedia.org/wiki/List_of_cities_administered_by_the_Palestinian_Authority
# https://en.wikipedia.org/wiki/Gaza_Strip
# https://en.wikipedia.org/wiki/West_Bank
countries:<
  isoCode:"ps"
  defaultTimeZoneId:"Asia/Gaza"
  timeZoneMappings:<
    utcOffset:"2:00"
    id:"Asia/Gaza"
  >
  timeZoneMappings:<
    utcOffset:"2:00"
    id:"Asia/Hebron"
    priority:10
  >
>

# PORTUGAL
#
# Priorities assigned on 20180309 using:
# https://en.wikipedia.org/wiki/List_of_cities_in_Portugal
countries:<
  isoCode:"pt"
  defaultTimeZoneId:"Europe/Lisbon"
  timeZoneMappings:<
    utcOffset:"0:00"
    id:"Europe/Lisbon"
    priority:10
  >
  timeZoneMappings:<
    utcOffset:"0:00"
    id:"Atlantic/Madeira"
  >

  timeZoneMappings:<
    utcOffset:"-1:00"
    id:"Atlantic/Azores"
  >
>

# PALAU
countries:<
  isoCode:"pw"
  timeZoneMappings:<
    utcOffset:"9:00"
    id:"Pacific/Palau"
  >
>

# PARAGUAY
countries:<
  isoCode:"py"
  timeZoneMappings:<
    utcOffset:"-4:00"
    id:"America/Asuncion"
  >
>

# QATAR
countries:<
  isoCode:"qa"
  timeZoneMappings:<
    utcOffset:"3:00"
    id:"Asia/Qatar"
  >
>

# REUNION
countries:<
  isoCode:"re"
  timeZoneMappings:<
    utcOffset:"4:00"
    id:"Indian/Reunion"
  >
>

# ROMANIA
countries:<
  isoCode:"ro"
  timeZoneMappings:<
    utcOffset:"2:00"
    id:"Europe/Bucharest"
  >
>

# SERBIA
countries:<
  isoCode:"rs"
  timeZoneMappings:<
    utcOffset:"1:00"
    id:"Europe/Belgrade"
  >
>

# RUSSIAN FEDERATION
#
# Priorities assigned on 20180309 using:
# https://en.wikipedia.org/wiki/List_of_cities_and_towns_in_Russia_by_population
# https://en.wikipedia.org/wiki/Khandyga
# https://en.wikipedia.org/wiki/Ust-Nera
countries:<
  isoCode:"ru"
  defaultTimeZoneId:"Europe/Moscow"
  timeZoneMappings:<
    utcOffset:"12:00"
    id:"Asia/Kamchatka"
  >
  timeZoneMappings:<
    utcOffset:"12:00"
    id:"Asia/Anadyr"
  >

  timeZoneMappings:<
    utcOffset:"11:00"
    id:"Asia/Magadan"
  >
  timeZoneMappings:<
    utcOffset:"11:00"
    id:"Asia/Sakhalin"
  >
  timeZoneMappings:<
    utcOffset:"11:00"
    id:"Asia/Srednekolymsk"
  >

  timeZoneMappings:<
    utcOffset:"10:00"
    id:"Asia/Vladivostok"
    priority:10
  >
  timeZoneMappings:<
    utcOffset:"10:00"
    id:"Asia/Ust-Nera"
  >

  timeZoneMappings:<
    utcOffset:"9:00"
    id:"Asia/Yakutsk"
    priority:10
  >
  timeZoneMappings:<
    utcOffset:"9:00"
    id:"Asia/Chita"
  >
  timeZoneMappings:<
    utcOffset:"9:00"
    id:"Asia/Khandyga"
  >

  timeZoneMappings:<
    utcOffset:"8:00"
    id:"Asia/Irkutsk"
  >

  timeZoneMappings:<
    utcOffset:"7:00"
    id:"Asia/Krasnoyarsk"
  >
  timeZoneMappings:<
    utcOffset:"7:00"
    id:"Asia/Novosibirsk"
  >
  timeZoneMappings:<
    utcOffset:"7:00"
    id:"Asia/Barnaul"
  >
  timeZoneMappings:<
    utcOffset:"7:00"
    id:"Asia/Novokuznetsk"
  >
  timeZoneMappings:<
    utcOffset:"7:00"
    id:"Asia/Tomsk"
  >

  timeZoneMappings:<
    utcOffset:"6:00"
    id:"Asia/Omsk"
  >

  timeZoneMappings:<
    utcOffset:"5:00"
    id:"Asia/Yekaterinburg"
  >

  timeZoneMappings:<
    utcOffset:"4:00"
    id:"Europe/Samara"
  >
  timeZoneMappings:<
    utcOffset:"4:00"
    id:"Europe/Astrakhan"
  >
  timeZoneMappings:<
    utcOffset:"4:00"
    id:"Europe/Ulyanovsk"
    priority:10
  >
  timeZoneMappings:<
    utcOffset:"4:00"
    id:"Europe/Saratov"
  >

  timeZoneMappings:<
    utcOffset:"3:00"
    id:"Europe/Moscow"
    priority:10
  >
  timeZoneMappings:<
    utcOffset:"3:00"
    id:"Europe/Volgograd"
  >
  timeZoneMappings:<
    utcOffset:"3:00"
    id:"Europe/Kirov"
  >
  timeZoneMappings:<
    utcOffset:"3:00"
    id:"Europe/Simferopol"
    # http://b/73922616
    shownInPicker:false
  >

  timeZoneMappings:<
    utcOffset:"2:00"
    id:"Europe/Kaliningrad"
  >
>

# RWANDA
countries:<
  isoCode:"rw"
  timeZoneMappings:<
    utcOffset:"2:00"
    id:"Africa/Kigali"
  >
>

# SAUDI ARABIA
countries:<
  isoCode:"sa"
  timeZoneMappings:<
    utcOffset:"3:00"
    id:"Asia/Riyadh"
  >
>

# SOLOMON ISLANDS
countries:<
  isoCode:"sb"
  timeZoneMappings:<
    utcOffset:"11:00"
    id:"Pacific/Guadalcanal"
  >
>

# SEYCHELLES
countries:<
  isoCode:"sc"
  timeZoneMappings:<
    utcOffset:"4:00"
    id:"Indian/Mahe"
  >
>

# SUDAN
countries:<
  isoCode:"sd"
  timeZoneMappings:<
    utcOffset:"2:00"
    id:"Africa/Khartoum"
  >
>

# SWEDEN
countries:<
  isoCode:"se"
  timeZoneMappings:<
    utcOffset:"1:00"
    id:"Europe/Stockholm"
  >
>

# SINGAPORE
countries:<
  isoCode:"sg"
  timeZoneMappings:<
    utcOffset:"8:00"
    id:"Asia/Singapore"
  >
>

# SAINT HELENA
countries:<
  isoCode:"sh"
  timeZoneMappings:<
    utcOffset:"0:00"
    id:"Atlantic/St_Helena"
  >
>

# SLOVENIA
countries:<
  isoCode:"si"
  timeZoneMappings:<
    utcOffset:"1:00"
    id:"Europe/Ljubljana"
  >
>

# SVALBARD AND JAN MAYEN
countries:<
  isoCode:"sj"
  timeZoneMappings:<
    utcOffset:"1:00"
    id:"Arctic/Longyearbyen"
  >
>

# SLOVAKIA
countries:<
  isoCode:"sk"
  timeZoneMappings:<
    utcOffset:"1:00"
    id:"Europe/Bratislava"
  >
>

# SIERRA LEONE
countries:<
  isoCode:"sl"
  timeZoneMappings:<
    utcOffset:"0:00"
    id:"Africa/Freetown"
  >
>

# SAN MARINO
countries:<
  isoCode:"sm"
  timeZoneMappings:<
    utcOffset:"1:00"
    id:"Europe/San_Marino"
  >
>

# SENEGAL
countries:<
  isoCode:"sn"
  timeZoneMappings:<
    utcOffset:"0:00"
    id:"Africa/Dakar"
  >
>

# SOMALIA
countries:<
  isoCode:"so"
  timeZoneMappings:<
    utcOffset:"3:00"
    id:"Africa/Mogadishu"
  >
>

# SURINAME
countries:<
  isoCode:"sr"
  timeZoneMappings:<
    utcOffset:"-3:00"
    id:"America/Paramaribo"
  >
>

# South Sudan
countries:<
  isoCode:"ss"
  timeZoneMappings:<
    utcOffset:"3:00"
    id:"Africa/Juba"
  >
>

# SAO TOME AND PRINCIPE
countries:<
  isoCode:"st"
  timeZoneMappings:<
    utcOffset:"1:00"
    id:"Africa/Sao_Tome"
  >
>

# EL SALVADOR
countries:<
  isoCode:"sv"
  timeZoneMappings:<
    utcOffset:"-6:00"
    id:"America/El_Salvador"
  >
>

# Sint Maarten
countries:<
  isoCode:"sx"
  timeZoneMappings:<
    utcOffset:"-4:00"
    id:"America/Lower_Princes"
  >
>

# SYRIAN ARAB REPUBLIC
countries:<
  isoCode:"sy"
  timeZoneMappings:<
    utcOffset:"2:00"
    id:"Asia/Damascus"
  >
>

# SWAZILAND
countries:<
  isoCode:"sz"
  timeZoneMappings:<
    utcOffset:"2:00"
    id:"Africa/Mbabane"
  >
>

# TURKS AND CAICOS ISLANDS
countries:<
  isoCode:"tc"
  timeZoneMappings:<
    utcOffset:"-5:00"
    id:"America/Grand_Turk"
  >
>

# CHAD
countries:<
  isoCode:"td"
  timeZoneMappings:<
    utcOffset:"1:00"
    id:"Africa/Ndjamena"
  >
>

# FRENCH SOUTHERN TERRITORIES
countries:<
  isoCode:"tf"
  timeZoneMappings:<
    utcOffset:"5:00"
    id:"Indian/Kerguelen"
  >
>

# TOGO
countries:<
  isoCode:"tg"
  timeZoneMappings:<
    utcOffset:"0:00"
    id:"Africa/Lome"
  >
>

# THAILAND
countries:<
  isoCode:"th"
  timeZoneMappings:<
    utcOffset:"7:00"
    id:"Asia/Bangkok"
  >
>

# TAJIKISTAN
countries:<
  isoCode:"tj"
  timeZoneMappings:<
    utcOffset:"5:00"
    id:"Asia/Dushanbe"
  >
>

# TOKELAU
countries:<
  isoCode:"tk"
  timeZoneMappings:<
    utcOffset:"13:00"
    id:"Pacific/Fakaofo"
  >
>

# TIMOR-LESTE
countries:<
  isoCode:"tl"
  timeZoneMappings:<
    utcOffset:"9:00"
    id:"Asia/Dili"
  >
>

# TURKMENISTAN
countries:<
  isoCode:"tm"
  timeZoneMappings:<
    utcOffset:"5:00"
    id:"Asia/Ashgabat"
  >
>

# TUNISIA
countries:<
  isoCode:"tn"
  timeZoneMappings:<
    utcOffset:"1:00"
    id:"Africa/Tunis"
  >
>

# TONGA
countries:<
  isoCode:"to"
  timeZoneMappings:<
    utcOffset:"13:00"
    id:"Pacific/Tongatapu"
  >
>

# TURKEY
countries:<
  isoCode:"tr"
  timeZoneMappings:<
    utcOffset:"3:00"
    id:"Europe/Istanbul"
  >
>

# TRINIDAD AND TOBAGO
countries:<
  isoCode:"tt"
  timeZoneMappings:<
    utcOffset:"-4:00"
    id:"America/Port_of_Spain"
  >
>

# TUVALU
countries:<
  isoCode:"tv"
  timeZoneMappings:<
    utcOffset:"12:00"
    id:"Pacific/Funafuti"
  >
>

# TAIWAN, PROVINCE OF CHINA
countries:<
  isoCode:"tw"
  timeZoneMappings:<
    utcOffset:"8:00"
    id:"Asia/Taipei"
  >
>

# TANZANIA, UNITED REPUBLIC OF
countries:<
  isoCode:"tz"
  timeZoneMappings:<
    utcOffset:"3:00"
    id:"Africa/Dar_es_Salaam"
  >
>

# UKRAINE
#
# Priorities assigned on 20180309 using:
# https://en.wikipedia.org/wiki/List_of_cities_in_Ukraine
countries:<
  isoCode:"ua"
  defaultTimeZoneId:"Europe/Kiev"
  timeZoneMappings:<
    utcOffset:"2:00"
    id:"Europe/Kiev"
    priority:10
  >
  timeZoneMappings:<
    utcOffset:"2:00"
    id:"Europe/Uzhgorod"
  >
  timeZoneMappings:<
    utcOffset:"2:00"
    id:"Europe/Zaporozhye"
  >
>

# UGANDA
countries:<
  isoCode:"ug"
  timeZoneMappings:<
    utcOffset:"3:00"
    id:"Africa/Kampala"
  >
>

# UNITED STATES MINOR OUTLYING ISLANDS
countries:<
  isoCode:"um"
  defaultTimeZoneId:"Pacific/Wake"
  timeZoneMappings:<
    utcOffset:"12:00"
    id:"Pacific/Wake"
  >

  timeZoneMappings:<
    utcOffset:"-11:00"
    id:"Pacific/Midway"
  >
>

# UNITED STATES
#
# Priorities assigned on 20180309 using:
# https://en.wikipedia.org/wiki/List_of_United_States_cities_by_population
# https://en.wikipedia.org/wiki/Knox,_Indiana
# https://en.wikipedia.org/wiki/Tell_City,_Indiana
# https://en.wikipedia.org/wiki/Petersburg,_Indiana
# https://en.wikipedia.org/wiki/Vincennes,_Indiana
# https://en.wikipedia.org/wiki/Juneau,_Alaska
# https://en.wikipedia.org/wiki/Yakutat,_Alaska
# https://en.wikipedia.org/wiki/Nome,_Alaska
# https://en.wikipedia.org/wiki/Metlakatla,_Alaska
# https://en.wikipedia.org/wiki/Sitka,_Alaska
countries:<
  isoCode:"us"
  defaultTimeZoneId:"America/New_York"
  timeZoneMappings:<
    utcOffset:"-5:00"
    id:"America/New_York"
    priority:10
  >
  timeZoneMappings:<
    utcOffset:"-5:00"
    id:"America/Detroit"
  >
  timeZoneMappings:<
    utcOffset:"-5:00"
    id:"America/Kentucky/Louisville"
  >
  timeZoneMappings:<
    utcOffset:"-5:00"
    id:"America/Kentucky/Monticello"
  >
  timeZoneMappings:<
    utcOffset:"-5:00"
    id:"America/Indiana/Indianapolis"
  >
  timeZoneMappings:<
    utcOffset:"-5:00"
    id:"America/Indiana/Vincennes"
    priority:9
  >
  timeZoneMappings:<
    utcOffset:"-5:00"
    id:"America/Indiana/Winamac"
  >
  timeZoneMappings:<
    utcOffset:"-5:00"
    id:"America/Indiana/Marengo"
  >
  timeZoneMappings:<
    utcOffset:"-5:00"
    id:"America/Indiana/Petersburg"
  >
  timeZoneMappings:<
    utcOffset:"-5:00"
    id:"America/Indiana/Vevay"
  >

  timeZoneMappings:<
    utcOffset:"-6:00"
    id:"America/Chicago"
    priority:10
  >
  timeZoneMappings:<
    utcOffset:"-6:00"
    id:"America/Indiana/Knox"
  >
  timeZoneMappings:<
    utcOffset:"-6:00"
    id:"America/Menominee"
  >
  timeZoneMappings:<
    utcOffset:"-6:00"
    id:"America/North_Dakota/Center"
  >
  timeZoneMappings:<
    utcOffset:"-6:00"
    id:"America/North_Dakota/New_Salem"
  >
  timeZoneMappings:<
    utcOffset:"-6:00"
    id:"America/Indiana/Tell_City"
    priority:9
  >
  timeZoneMappings:<
    utcOffset:"-6:00"
    id:"America/North_Dakota/Beulah"
  >

  timeZoneMappings:<
    utcOffset:"-7:00"
    id:"America/Denver"
    priority:10
  >
  timeZoneMappings:<
    utcOffset:"-7:00"
    id:"America/Boise"
  >
  timeZoneMappings:<
    utcOffset:"-7:00"
    id:"America/Phoenix"
  >

  timeZoneMappings:<
    utcOffset:"-8:00"
    id:"America/Los_Angeles"
  >

  timeZoneMappings:<
    utcOffset:"-9:00"
    id:"America/Anchorage"
    priority:10
  >
  timeZoneMappings:<
    utcOffset:"-9:00"
    id:"America/Juneau"
    priority:9
  >
  timeZoneMappings:<
    utcOffset:"-9:00"
    id:"America/Yakutat"
  >
  timeZoneMappings:<
    utcOffset:"-9:00"
    id:"America/Nome"
  >
  timeZoneMappings:<
    utcOffset:"-9:00"
    id:"America/Metlakatla"
  >
  timeZoneMappings:<
    utcOffset:"-9:00"
    id:"America/Sitka"
  >

  timeZoneMappings:<
    utcOffset:"-10:00"
    id:"Pacific/Honolulu"
  >
  timeZoneMappings:<
    utcOffset:"-10:00"
    id:"America/Adak"
  >
>

# URUGUAY
countries:<
  isoCode:"uy"
  timeZoneMappings:<
    utcOffset:"-3:00"
    id:"America/Montevideo"
  >
>

# UZBEKISTAN
#
# Priorities assigned on 20180309 using:
# https://en.wikipedia.org/wiki/Tashkent
# https://en.wikipedia.org/wiki/Samarkand
countries:<
  isoCode:"uz"
  defaultTimeZoneId:"Asia/Tashkent"
  timeZoneMappings:<
    utcOffset:"5:00"
    id:"Asia/Tashkent"
    priority:10
  >
  timeZoneMappings:<
    utcOffset:"5:00"
    id:"Asia/Samarkand"
  >
>

# HOLY SEE (VATICAN CITY STATE)
countries:<
  isoCode:"va"
  timeZoneMappings:<
    utcOffset:"1:00"
    id:"Europe/Vatican"
  >
>

# SAINT VINCENT AND THE GRENADINES
countries:<
  isoCode:"vc"
  timeZoneMappings:<
    utcOffset:"-4:00"
    id:"America/St_Vincent"
  >
>

# VENEZUELA
countries:<
  isoCode:"ve"
  timeZoneMappings:<
    utcOffset:"-4:00"
    id:"America/Caracas"
  >
>

# VIRGIN ISLANDS, BRITISH
countries:<
  isoCode:"vg"
  timeZoneMappings:<
    utcOffset:"-4:00"
    id:"America/Tortola"
  >
>

# VIRGIN ISLANDS, U.S.
countries:<
  isoCode:"vi"
  timeZoneMappings:<
    utcOffset:"-4:00"
    id:"America/St_Thomas"
  >
>

# VIET NAM
countries:<
  isoCode:"vn"
  timeZoneMappings:<
    utcOffset:"7:00"
    id:"Asia/Ho_Chi_Minh"
  >
>

# VANUATU
countries:<
  isoCode:"vu"
  timeZoneMappings:<
    utcOffset:"11:00"
    id:"Pacific/Efate"
  >
>

# WALLIS AND FUTUNA
countries:<
  isoCode:"wf"
  timeZoneMappings:<
    utcOffset:"12:00"
    id:"Pacific/Wallis"
  >
>

# SAMOA
countries:<
  isoCode:"ws"
  timeZoneMappings:<
    utcOffset:"13:00"
    id:"Pacific/Apia"
  >
>

# YEMEN
countries:<
  isoCode:"ye"
  timeZoneMappings:<
    utcOffset:"3:00"
    id:"Asia/Aden"
  >
>

# MAYOTTE
countries:<
  isoCode:"yt"
  timeZoneMappings:<
    utcOffset:"3:00"
    id:"Indian/Mayotte"
  >
>

# SOUTH AFRICA
countries:<
  isoCode:"za"
  timeZoneMappings:<
    utcOffset:"2:00"
    id:"Africa/Johannesburg"
  >
>

# ZAMBIA
countries:<
  isoCode:"zm"
  timeZoneMappings:<
    utcOffset:"2:00"
    id:"Africa/Lusaka"
  >
>

# ZIMBABWE
countries:<
  isoCode:"zw"
  timeZoneMappings:<
    utcOffset:"2:00"
    id:"Africa/Harare"
  >
>
